[
  {
    "id": "361ed2a5-fd8b-4f2c-b6c7-e90155976912",
    "data": [
      {
        "text": "send ",
        "userDefined": false
      },
      {
        "text": "600",
        "alias": "number",
        "meta": "@sys.number",
        "userDefined": true
      },
      {
        "text": " rupees",
        "userDefined": false
      }
    ],
    "isTemplate": false,
    "count": 0,
    "updated": 0
  },
  {
    "id": "97fa880a-9abb-479a-867f-d4a3d5e03f8d",
    "data": [
      {
        "text": "transfer ",
        "userDefined": false
      },
      {
        "text": "500",
        "alias": "number",
        "meta": "@sys.number",
        "userDefined": false
      },
      {
        "text": " ruppees",
        "userDefined": false
      }
    ],
    "isTemplate": false,
    "count": 0,
    "updated": 0
  }
]